S/no,PLOT NO,SPECIES,DB,DBH,THT(m),BA,WD,AGB(kg),Trees/ha,AGB(kg)/ha
1,P1,Tectona grandis,34.1,28.6,4.7,0.0644,0.615,132.352,0.529,70.014
2,P1,Gmelina arborea,52.5,34.7,5.3,0.0945,0.425,150.759,0.529,79.752
3,P1,Kashier,53.5,46.1,5.5,0.1673,0.600,382.409,0.529,202.295
4,P1,Kashier,26.1,22.0,3.9,0.0379,0.600,64.159,0.529,33.940
5,P1,Kashier,34.4,25.8,4,0.0522,0.600,89.933,0.529,47.574
6,P1,Kashier,37.9,24.5,4.5,0.0472,0.600,91.392,0.529,48.347
7,P1,Gmelina arborea,64.9,50.9,5.9,0.2037,0.425,354.102,0.529,187.320
8,P1,Kashier,36.9,25.1,4,0.0497,0.600,85.649,0.529,45.308
9,P1,Kashier,31.2,22.9,4.4,0.0412,0.600,78.427,0.529,41.488
10,P1,Kashier,31.5,27.1,4,0.0575,0.600,98.805,0.529,52.268
11,P1,Kashier,29.9,23.9,4.3,0.0448,0.600,83.048,0.529,43.932
12,P1,Kashier,37.6,36.0,4,0.1016,0.600,172.252,0.529,91.121
13,P1,Kashier,38.2,29.0,5,0.0659,0.600,140.342,0.529,74.241
14,P1,Kashier,35.6,27.4,4,0.0588,0.600,101.087,0.529,53.475
15,P1,Khaya senegalensis,26.1,22.3,3.8,0.0390,0.648,69.343,0.529,36.682
16,P1,Gmelina arborea,53.5,36.0,4.4,0.1016,0.425,134.882,0.529,71.352
17,P1,Tectona grandis,28.5,20.8,3.8,0.0341,0.615,57.843,0.529,30.599
18,P1,Khaya senegalensis,30.9,25.8,4.5,0.0522,0.648,108.743,0.529,57.525
19,P1,Khaya senegalensis,25.1,21.6,3.8,0.0368,0.648,65.528,0.529,34.664
20,P1,Khaya senegalensis,16.5,12.7,3.1,0.0127,0.648,19.067,0.529,10.087
21,P1,Gmelina arborea,33.7,25.3,5.2,0.0503,0.425,79.923,0.529,42.279
22,P1,Tectona grandis,29.6,24.7,5.6,0.0478,0.615,117.281,0.529,62.042
23,P1,Tectona grandis,33.3,28.5,5.9,0.0637,0.615,163.452,0.529,86.466
24,P1,Gmelina arborea,34.1,25.5,4.5,0.0509,0.425,70.259,0.529,37.167
25,P2,Tectona grandis,22.3,17.8,9.4,0.0249,0.615,103.114,0.529,54.547
26,P2,Kashier,39.5,31.2,9.7,0.0764,0.600,309.675,0.529,163.818
27,P2,Kashier,21.3,15.0,9.7,0.0176,0.600,73.785,0.529,39.032
28,P2,Tectona grandis,26.1,22.0,9.7,0.0379,0.615,159.810,0.529,84.539
29,P2,Tectona grandis,19.1,16.2,7.4,0.0207,0.615,68.019,0.529,35.982
30,P2,Tectona grandis,22.6,19.7,7.5,0.0306,0.615,100.899,0.529,53.376
31,P2,Tectona grandis,20.7,16.2,7.4,0.0207,0.615,68.019,0.529,35.982
32,P2,Tectona grandis,25.1,21.0,7,0.0347,0.615,106.573,0.529,56.377
33,P2,Gmelina arborea,25.8,20.7,9,0.0336,0.425,92.147,0.529,48.746
34,P2,Tectona grandis,27.1,24.8,7,0.0484,0.615,147.661,0.529,78.112
35,P2,Tectona grandis,24.5,20.7,8.3,0.0336,0.615,122.154,0.529,64.619
36,P2,Tectona grandis,28.3,22.3,7.4,0.0390,0.615,126.207,0.529,66.763
37,P2,Gmelina arborea,29.6,23.6,7.5,0.0436,0.425,99.342,0.529,52.552
38,P2,Gmelina arborea,22.6,19.1,7,0.0286,0.425,61.674,0.529,32.625
39,P2,Gmelina arborea,27.1,23.2,8,0.0424,0.425,103.028,0.529,54.502
40,P2,Gmelina arborea,23.9,20.4,7.5,0.0326,0.425,74.827,0.529,39.583
41,P2,Tectona grandis,20.4,16.5,7,0.0215,0.615,66.917,0.529,35.399
42,P3,Gmelina arborea,54.7,44.2,7.2,0.1537,0.425,326.780,0.529,172.867
43,P3,Gmelina arborea,54.7,25.1,7.2,0.0497,0.425,108.457,0.529,57.374
44,P3,Gmelina arborea,24.5,24.0,7.5,0.0453,0.425,103.311,0.529,54.652
45,P3,Gmelina arborea,31.8,29.9,7.5,0.0703,0.425,158.467,0.529,83.829
46,P3,Gmelina arborea,55.7,38.5,7.4,0.1165,0.425,256.036,0.529,135.443
47,P3,Gmelina arborea,42.0,29.0,7.4,0.0659,0.425,146.809,0.529,77.662
48,P3,Gmelina arborea,42.0,23.9,7.4,0.0448,0.425,100.652,0.529,53.245
49,P3,Gmelina arborea,29.6,24.5,7.4,0.0472,0.425,105.958,0.529,56.052
50,P3,Gmelina arborea,57.3,54.7,7.4,0.2354,0.425,508.693,0.529,269.099
51,P3,Gmelina arborea,40.1,36.3,7.2,0.1034,0.425,221.906,0.529,117.388
52,P3,Gmelina arborea,33.1,27.7,7.2,0.0602,0.425,130.928,0.529,69.261
53,P3,Gmelina arborea,44.6,35.0,7,0.0963,0.425,201.349,0.529,106.513
54,P3,Gmelina arborea,46.5,35.6,7.4,0.0998,0.425,220.180,0.529,116.475
55,P3,Gmelina arborea,41.4,22.9,7.3,0.0412,0.425,91.717,0.529,48.518
56,P3,Gmelina arborea,41.4,19.7,7.3,0.0306,0.425,68.499,0.529,36.236
57,P3,Gmelina arborea,41.1,32.5,7.5,0.0828,0.425,185.858,0.529,98.319
58,P3,Gmelina arborea,32.1,26.1,7.2,0.0535,0.425,116.642,0.529,61.704
59,P3,Gmelina arborea,38.2,32.5,7,0.0828,0.425,173.755,0.529,91.916
60,P3,Gmelina arborea,35.0,30.6,7,0.0733,0.425,154.363,0.529,81.658
61,P3,Gmelina arborea,28.6,24.2,6.5,0.0460,0.425,91.009,0.529,48.144
62,P3,Gmelina arborea,27.7,22.0,7,0.0379,0.425,81.018,0.529,42.859
63,P3,Gmelina arborea,47.7,45.2,7.3,0.1604,0.425,345.306,0.529,182.667
64,P3,Gmelina arborea,43.3,21.3,6.5,0.0357,0.425,71.160,0.529,37.644
65,P3,Gmelina arborea,43.3,25.5,7,0.0509,0.425,108.139,0.529,57.205
66,P3,Gmelina arborea,60.2,29.9,7.3,0.0703,0.425,154.342,0.529,81.647
67,P3,Gmelina arborea,60.2,33.7,7.4,0.0894,0.425,197.743,0.529,104.606
68,P3,Gmelina arborea,59.8,46.5,7.5,0.1696,0.425,374.292,0.529,198.001
69,P4,Tectona grandis,18.1,14.5,4.8,0.0165,0.615,35.679,0.529,18.874
70,P4,Tectona grandis,18.1,15.0,4,0.0176,0.615,31.815,0.529,16.830
71,P4,Tectona grandis,21.6,17.8,4.3,0.0249,0.615,48.063,0.529,25.425
72,P4,Tectona grandis,26.1,20.4,4.7,0.0326,0.615,68.032,0.529,35.989
73,P4,Tectona grandis,21.5,14.3,4,0.0161,0.615,29.225,0.529,15.460
74,P4,Tectona grandis,16.9,12.6,4.3,0.0124,0.615,24.317,0.529,12.863
75,P4,Tectona grandis,16.2,13.0,4,0.0134,0.615,24.369,0.529,12.891
76,P4,Tectona grandis,19.4,14.5,4.3,0.0165,0.615,32.047,0.529,16.953
77,P4,Daniella olivera,16.5,12.6,4,0.0124,0.533,19.721,0.529,10.432
78,P4,Tectona grandis,23.4,17.7,4.5,0.0245,0.615,49.371,0.529,26.117
79,P4,Tectona grandis,19.1,16.9,4.3,0.0223,0.615,43.165,0.529,22.834
80,P4,Tectona grandis,16.7,14.0,4.4,0.0154,0.615,30.698,0.529,16.239
81,P4,Daniella olivera,20.4,17.2,4.3,0.0232,0.533,38.963,0.529,20.612
82,P4,Tectona grandis,27.1,21.0,4.6,0.0347,0.615,70.743,0.529,37.423
83,P4,Kashier,43.6,16.2,4.3,0.0207,0.600,39.119,0.529,20.694
84,P4,Kashier,43.6,31.5,5,0.0780,0.600,165.432,0.529,87.513
85,P4,Tectona grandis,16.5,15.0,4,0.0176,0.615,31.815,0.529,16.830
86,P4,Tectona grandis,23.7,18.3,4.4,0.0263,0.615,51.756,0.529,27.379
87,P4,Tectona grandis,25.8,19.7,4.3,0.0306,0.615,58.627,0.529,31.013
88,P4,Tectona grandis,25.1,21.3,4,0.0357,0.615,63.561,0.529,33.624
89,P4,Tectona grandis,21.6,20.1,4.3,0.0316,0.615,60.486,0.529,31.997
90,P4,Tectona grandis,21.5,17.2,4.8,0.0232,0.615,49.843,0.529,26.367
91,P4,Tectona grandis,28.8,24.2,5.6,0.0460,0.615,112.891,0.529,59.719
92,P4,Tectona grandis,35.0,27.4,5.2,0.0588,0.615,133.672,0.529,70.713
93,P4,Tectona grandis,23.9,20.7,5.1,0.0336,0.615,75.941,0.529,40.173
94,P4,Tectona grandis,28.2,24.2,4.3,0.0460,0.615,87.236,0.529,46.148
95,P4,Tectona grandis,32.8,26.6,5.4,0.0555,0.615,130.927,0.529,69.260
96,P4,Kashier,28.6,22.3,4.2,0.0390,0.600,70.936,0.529,37.525
97,P4,Daniella olivera,28.3,23.1,4.5,0.0418,0.533,72.389,0.529,38.294
98,P5,Gmelina arborea,27.2,22.3,8,0.0390,0.425,94.925,0.529,50.215
99,P5,Gmelina arborea,41.7,37.2,6.3,0.1089,0.425,204.923,0.529,108.404
100,P5,Gmelina arborea,22.6,20.4,7.4,0.0326,0.425,73.853,0.529,39.068
101,P5,Khaya senegalensis,18.5,16.9,5.3,0.0223,0.648,55.742,0.529,29.487
102,P5,Gmelina arborea,30.2,25.1,7.5,0.0497,0.425,112.866,0.529,59.706
103,P5,Gmelina arborea,30.1,26.4,6.4,0.0548,0.425,106.465,0.529,56.320
104,P5,Gmelina arborea,24.8,20.5,5.4,0.0331,0.425,55.133,0.529,29.165
105,P5,Gmelina arborea,34.4,29.6,6.4,0.0688,0.425,132.937,0.529,70.324
106,P5,Gmelina arborea,28.3,23.7,7,0.0442,0.425,94.102,0.529,49.780
107,P5,Gmelina arborea,29.8,27.7,6.5,0.0602,0.425,118.489,0.529,62.681
108,P5,Gmelina arborea,23.6,19.1,7.4,0.0286,0.425,65.111,0.529,34.444
109,P5,Gmelina arborea,26.4,23.9,6.8,0.0448,0.425,92.679,0.529,49.027
110,P5,Gmelina arborea,24.3,22.3,7.4,0.0390,0.425,87.970,0.529,46.536
111,P5,Gmelina arborea,20.1,17.2,7.2,0.0232,0.425,51.609,0.529,27.301
112,P5,Gmelina arborea,40.7,27.8,7.6,0.0609,0.425,139.575,0.529,73.835
113,P5,Gmelina arborea,42.0,29.0,8.4,0.0659,0.425,166.142,0.529,87.889
114,P5,Gmelina arborea,22.9,17.2,6.4,0.0232,0.425,46.004,0.529,24.336
115,P5,Gmelina arborea,25.5,21.8,6.3,0.0373,0.425,72.071,0.529,38.125
116,P5,Daniella olivera,22.9,17.2,6.4,0.0232,0.533,57.441,0.529,30.386
117,P5,Vitex doniana,34.1,28.0,7,0.0616,0.400,122.892,0.529,65.010
118,P5,Gmelina arborea,31.2,26.4,7.4,0.0548,0.425,122.672,0.529,64.893
119,P5,Gmelina arborea,24.5,20.7,7.6,0.0336,0.425,78.130,0.529,41.331
120,P5,Gmelina arborea,24.8,22.3,8,0.0390,0.425,94.925,0.529,50.215
121,P5,Gmelina arborea,20.7,18.0,7.2,0.0254,0.425,56.375,0.529,29.823
122,P5,Gmelina arborea,25.1,21.6,6.9,0.0368,0.425,77.644,0.529,41.074
123,P5,Gmelina arborea,21.8,18.8,7.4,0.0277,0.425,63.010,0.529,33.332
124,P5,Gmelina arborea,31.5,25.9,7.2,0.0528,0.425,115.258,0.529,60.971
125,P5,Gmelina arborea,23.6,21.0,6.5,0.0347,0.425,69.102,0.529,36.555
126,P5,Gmelina arborea,25.3,22.0,6.2,0.0379,0.425,71.968,0.529,38.071
127,P5,Khaya senegalensis,34.1,29.3,5.6,0.0673,0.648,172.603,0.529,91.307
128,P5,Vitex doniana,30.6,24.8,7.4,0.0484,0.400,102.522,0.529,54.234
129,P5,Anthocleista djalonensis,35.0,25.5,7,0.0509,0.523,132.574,0.529,70.131
130,P6,Gmelina arborea,25.8,25.1,6.7,0.0497,0.425,101.100,0.529,53.482
131,P6,Daniella olivera,23.9,17.2,6.8,0.0232,0.533,60.942,0.529,32.239
132,P6,Khaya senegalensis,43.6,31.3,7.4,0.0772,0.648,258.857,0.529,136.935
133,P6,Daniella olivera,22.9,18.5,6.8,0.0268,0.533,70.065,0.529,37.064
134,P6,Magifera indica,61.7,51.6,7.4,0.2088,0.520,551.609,0.529,291.801
135,P6,Gmelina arborea,22.6,19.1,7.4,0.0286,0.425,65.111,0.529,34.444
136,P6,Gmelina arborea,27.7,19.7,7.6,0.0306,0.425,71.245,0.529,37.689
137,P6,Gmelina arborea,24.0,20.4,6.8,0.0326,0.425,68.003,0.529,35.973
138,P6,Gmelina arborea,24.3,19.4,7.4,0.0296,0.425,67.246,0.529,35.573
139,P6,Gmelina arborea,38.2,29.6,7.4,0.0688,0.425,153.173,0.529,81.029
140,P6,Afzelia africana,38.8,22.3,6.3,0.0390,0.680,119.098,0.529,63.003
141,P6,Afzelia africana,38.8,24.5,6.5,0.0472,0.680,147.893,0.529,78.236
142,P6,Gmelina arborea,25.1,21.5,7.4,0.0362,0.425,81.942,0.529,43.347
143,P6,Gmelina arborea,23.9,18.8,7.3,0.0277,0.425,62.179,0.529,32.892
144,P6,Daniella olivera,18.5,15.9,5.8,0.0199,0.533,44.901,0.529,23.752
145,P6,Gmelina arborea,21.6,18.5,7.4,0.0268,0.425,60.942,0.529,32.238
146,P6,Afzelia africana,22.3,19.4,5,0.0296,0.680,72.656,0.529,38.435
147,P6,Afzelia africana,60.2,32.8,7.1,0.0844,0.680,284.448,0.529,150.473
148,P6,Afzelia africana,60.2,17.0,6.9,0.0228,0.680,77.016,0.529,40.741
149,P6,Afzelia africana,60.2,20.1,7.1,0.0316,0.680,108.957,0.529,57.638
150,P6,Gmelina arborea,20.1,17.8,6.2,0.0249,0.425,47.882,0.529,25.330
151,P6,Gmelina arborea,22.3,19.1,7.1,0.0286,0.425,62.534,0.529,33.080
152,P6,Gmelina arborea,21.3,18.8,7.2,0.0277,0.425,61.347,0.529,32.453
153,P6,Gmelina arborea,22.0,20.1,7.3,0.0316,0.425,70.672,0.529,37.386
154,P6,Gmelina arborea,20.4,18.5,7,0.0268,0.425,57.725,0.529,30.536
155,P6,Gmelina arborea,22.0,19.7,7.4,0.0306,0.425,69.415,0.529,36.721
156,P6,Gmelina arborea,27.7,23.9,7.2,0.0448,0.425,97.997,0.529,51.840
157,P6,Gmelina arborea,25.1,22.4,6.8,0.0395,0.425,82.135,0.529,43.449
158,P6,Anthocleista djalonensis,29.6,24.2,7.4,0.0460,0.523,126.627,0.529,66.986
159,P7,Gmelina arborea,32.8,26.4,6.1,0.0548,0.425,101.591,0.529,53.742
160,P7,Gmelina arborea,26.9,24.8,6.1,0.0484,0.425,89.988,0.529,47.604
161,P7,Gmelina arborea,28.0,26.4,6.5,0.0548,0.425,108.088,0.529,57.179
162,P7,Gmelina arborea,30.6,28.6,5.3,0.0644,0.425,103.731,0.529,54.874
163,P7,Gmelina arborea,29.3,25.0,5.4,0.0490,0.425,80.898,0.529,42.795
164,P7,Gmelina arborea,28.0,22.9,6,0.0412,0.425,75.740,0.529,40.066
165,P7,Gmelina arborea,34.7,30.6,7.4,0.0733,0.425,162.966,0.529,86.209
166,P7,Gmelina arborea,31.8,24.2,7.1,0.0460,0.425,99.200,0.529,52.477
167,P7,Gmelina arborea,34.7,30.2,7.4,0.0718,0.425,159.669,0.529,84.465
168,P7,Gmelina arborea,36.0,30.9,7.5,0.0749,0.425,168.489,0.529,89.131
169,P7,Kashier,36.0,32.1,7,0.0812,0.600,238.888,0.529,126.372
170,P7,Gmelina arborea,29.9,29.3,6.4,0.0673,0.425,130.161,0.529,68.855
171,P7,Ptericarpus erinaceous,23.6,23.6,7.4,0.0436,0.740,168.659,0.529,89.221
172,P7,Gmelina arborea,32.5,26.7,7.2,0.0561,0.425,122.260,0.529,64.676
173,P7,Gmelina arborea,33.1,27.2,7.4,0.0582,0.425,129.988,0.529,68.764
174,P7,Gmelina arborea,39.5,35.0,7.6,0.0963,0.425,218.176,0.529,115.415
175,P7,Gmelina arborea,29.0,25.3,7.2,0.0503,0.425,109.801,0.529,58.085
176,P7,Gmelina arborea,28.8,24.8,7.4,0.0484,0.425,108.661,0.529,57.482
177,P7,Gmelina arborea,40.4,32.1,7.4,0.0812,0.425,179.945,0.529,95.191
178,P7,Gmelina arborea,45.5,42.0,7.6,0.1386,0.425,311.436,0.529,164.750
179,P7,Gmelina arborea,31.8,25.5,7.4,0.0509,0.425,114.166,0.529,60.394
180,P7,Gmelina arborea,36.3,29.8,7.2,0.0696,0.425,150.701,0.529,79.721
181,P7,Gmelina arborea,33.4,29.0,7.4,0.0659,0.425,146.809,0.529,77.662
182,P7,Gmelina arborea,28.6,23.9,7.1,0.0448,0.425,96.668,0.529,51.137
183,P7,Gmelina arborea,29.0,23.6,7.4,0.0436,0.425,98.049,0.529,51.868
184,P7,Gmelina arborea,30.6,26.7,7.3,0.0561,0.425,123.917,0.529,65.552
185,P7,Gmelina arborea,28.3,22.9,7.2,0.0412,0.425,90.491,0.529,47.870
186,P7,Gmelina arborea,36.6,30.6,6.5,0.0733,0.425,143.592,0.529,75.960
187,P7,Gmelina arborea,29.3,24.5,7.2,0.0472,0.425,103.162,0.529,54.573
188,P7,Gmelina arborea,25.8,23.6,6.2,0.0436,0.425,82.499,0.529,43.642
189,P7,Gmelina arborea,26.4,22.8,6.8,0.0407,0.425,84.425,0.529,44.661
190,P8,Gmelina arborea,57.3,42.5,7.4,0.1418,0.425,310.202,0.529,164.097
191,P8,Gmelina arborea,50.6,45.4,6.5,0.1616,0.425,310.445,0.529,164.225
192,P8,Gmelina arborea,25.3,24.3,6.3,0.0466,0.425,89.412,0.529,47.299
193,P8,Tectona grandis,33.4,23.4,6.3,0.0430,0.615,118.640,0.529,62.760
194,P8,Gmelina arborea,35.3,21.8,6.4,0.0373,0.425,73.187,0.529,38.716
195,P8,Gmelina arborea,27.4,21.3,5.9,0.0357,0.425,64.742,0.529,34.248
196,P8,Gmelina arborea,52.5,22.8,7.1,0.0407,0.425,88.058,0.529,46.583
197,P8,Gmelina arborea,52.5,25.1,7,0.0497,0.425,105.516,0.529,55.818
198,P8,Gmelina arborea,44.6,31.5,6.8,0.0780,0.425,159.347,0.529,84.294
199,P8,Khaya senegalensis,28.3,17.2,6.4,0.0232,0.648,69.497,0.529,36.764
200,P8,Gmelina arborea,33.1,26.7,6.3,0.0561,0.425,107.321,0.529,56.773
201,P8,Gmelina arborea,31.8,26.9,5.8,0.0568,0.425,100.153,0.529,52.981
202,P8,Gmelina arborea,52.5,38.8,7.4,0.1184,0.425,260.183,0.529,137.637
203,P8,Anthocleista djalonensis,40.1,29.3,7.3,0.0673,0.523,181.437,0.529,95.980
204,P8,Gmelina arborea,52.2,31.8,7.1,0.0796,0.425,169.497,0.529,89.664
205,P8,Gmelina arborea,25.5,17.8,6.2,0.0249,0.425,47.882,0.529,25.330
206,P8,Gmelina arborea,51.2,36.6,7.4,0.1052,0.425,231.839,0.529,122.643
207,P8,Gmelina arborea,51.2,24.8,7.4,0.0484,0.425,108.661,0.529,57.482
208,P8,Gmelina arborea,50.6,36.3,7.5,0.1034,0.425,230.926,0.529,122.160
209,P8,Gmelina arborea,65.9,36.0,6.9,0.1016,0.425,209.248,0.529,110.692
210,P8,Gmelina arborea,65.9,32.1,6.9,0.0812,0.425,168.069,0.529,88.908
211,P9,Tectona grandis,13.0,10.2,6.8,0.0081,0.615,25.215,0.529,13.339
212,P9,Khaya senegalensis,38.4,21.6,8.5,0.0368,0.648,143.771,0.529,76.055
213,P9,Khaya senegalensis,38.4,28.5,8.4,0.0637,0.648,242.973,0.529,128.532
214,P9,Gmelina arborea,18.5,15.9,8,0.0199,0.425,49.220,0.529,26.037
215,P9,Gmelina arborea,24.0,20.5,7.4,0.0331,0.425,74.983,0.529,39.666
216,P9,Gmelina arborea,27.7,24.2,7.1,0.0460,0.425,99.200,0.529,52.477
217,P9,Gmelina arborea,25.9,20.1,6,0.0316,0.425,58.361,0.529,30.873
218,P9,Gmelina arborea,35.0,27.4,7.2,0.0588,0.425,128.006,0.529,67.715
219,P9,Gmelina arborea,21.3,17.5,6.2,0.0241,0.425,46.227,0.529,24.454
220,P9,Gmelina arborea,20.1,15.1,6.1,0.0180,0.425,34.176,0.529,18.079
221,P9,Gmelina arborea,15.9,14.3,7.1,0.0161,0.425,35.664,0.529,18.866
222,P9,Tectona grandis,19.1,17.7,7.2,0.0245,0.615,78.108,0.529,41.319
223,P9,Tectona grandis,23.9,15.1,6.4,0.0180,0.615,51.383,0.529,27.182
224,P9,Daniella olivera,19.1,13.7,7.4,0.0147,0.533,42.429,0.529,22.445
225,P9,Tectona grandis,23.9,12.7,6.3,0.0127,0.615,36.179,0.529,19.139
226,P9,Tectona grandis,23.9,17.2,6.4,0.0232,0.615,66.000,0.529,34.914
227,P9,Daniella olivera,19.7,12.7,7.1,0.0127,0.533,35.384,0.529,18.718
228,P9,Kashier,24.5,13.2,6.2,0.0137,0.600,37.389,0.529,19.779
229,P9,Tectona grandis,18.1,14.6,7.2,0.0168,0.615,54.143,0.529,28.642
230,P9,Tectona grandis,12.7,10.5,6.4,0.0087,0.615,25.238,0.529,13.351
231,P9,Tectona grandis,28.3,21.2,7.5,0.0352,0.615,115.688,0.529,61.199
232,P9,Gmelina arborea,42.6,32.0,7.4,0.0804,0.425,178.210,0.529,94.273
233,P9,Gmelina arborea,24.7,20.7,6.3,0.0336,0.425,65.058,0.529,34.415
234,P10,Daniella olivera,25.8,22.3,7.4,0.0390,0.533,109.840,0.529,58.105
235,P10,Gmelina arborea,25.1,21.6,8.2,0.0368,0.425,91.891,0.529,48.610
236,P10,Gmelina arborea,21.6,18.5,7.4,0.0268,0.425,60.942,0.529,32.238
237,P10,Daniella olivera,23.9,19.7,7.3,0.0306,0.533,85.528,0.529,45.244
238,P10,Gmelina arborea,27.1,22.6,7.2,0.0401,0.425,88.054,0.529,46.580
239,P10,Gmelina arborea,22.3,20.4,7.1,0.0326,0.425,70.929,0.529,37.522
240,P10,Gmelina arborea,18.8,15.9,6.4,0.0199,0.425,39.587,0.529,20.942
241,P10,Gmelina arborea,21.6,16.9,6.2,0.0223,0.425,43.003,0.529,22.748
242,P10,Parkia biglobosa,24.5,21.0,6.4,0.0347,0.525,83.771,0.529,44.315
243,P10,Vitex doniana,18.5,15.9,7.4,0.0199,0.400,43.037,0.529,22.766
244,P10,Gmelina arborea,19.7,18.1,7.2,0.0258,0.425,57.353,0.529,30.340
245,P10,Gmelina arborea,23.9,19.4,6.4,0.0296,0.425,58.362,0.529,30.873
246,P10,Gmelina arborea,19.1,14.6,6.1,0.0168,0.425,32.101,0.529,16.981
247,P10,Gmelina arborea,24.2,18.5,7.2,0.0268,0.425,59.334,0.529,31.388
248,P11,Gmelina arborea,26.4,22.0,8.5,0.0379,0.425,97.922,0.529,51.801
249,P11,Daniella olivera,19.1,15.9,7.8,0.0199,0.533,59.956,0.529,31.717
250,P11,Ptericarpus erinaceous,25.8,22.3,6.4,0.0390,0.740,131.330,0.529,69.473
251,P11,Ptericarpus erinaceous,13.4,10.8,6.2,0.0092,0.740,31.097,0.529,16.450
252,P11,Daniella olivera,23.9,20.4,6.4,0.0326,0.533,80.030,0.529,42.336
253,P11,Daniella olivera,30.2,15.9,7.1,0.0199,0.533,54.699,0.529,28.936
254,P11,Daniella olivera,20.1,16.9,7.4,0.0223,0.533,63.814,0.529,33.758
255,P11,Daniella olivera,27.7,24.2,7.2,0.0460,0.533,125.563,0.529,66.423
256,P11,Anthocleista djalonensis,34.1,24.2,7.6,0.0460,0.523,129.967,0.529,68.752
257,P11,Daniella olivera,18.1,15.0,6.4,0.0176,0.533,43.805,0.529,23.173
258,P11,Daniella olivera,16.9,14.3,6.5,0.0161,0.533,40.854,0.529,21.612
259,P11,Gmelina arborea,42.3,23.9,6.4,0.0448,0.425,87.355,0.529,46.211
260,P11,Gmelina arborea,42.3,16.9,5.2,0.0223,0.425,36.219,0.529,19.160
261,P11,Gmelina arborea,24.2,20.7,7.2,0.0336,0.425,74.114,0.529,39.206
262,P11,Anthocleista djalonensis,23.9,18.8,6.4,0.0277,0.523,67.042,0.529,35.465
263,P11,Daniella olivera,19.7,16.5,6.8,0.0215,0.533,56.614,0.529,29.949
264,P12,Gmelina arborea,25.0,20.7,6.5,0.0336,0.425,67.073,0.529,35.481
265,P12,Gmelina arborea,27.4,21.6,6.3,0.0368,0.425,71.047,0.529,37.584
266,P12,Gmelina arborea,29.6,22.9,7.4,0.0412,0.425,92.943,0.529,49.167
267,P12,Gmelina arborea,28.6,26.3,7.6,0.0541,0.425,124.430,0.529,65.824
268,P12,Gmelina arborea,32.5,26.4,7.2,0.0548,0.425,119.435,0.529,63.181
269,P12,Iannea schimperiana,47.1,24.5,6.5,0.0472,0.600,130.851,0.529,69.220
270,P12,Iannea schimperiana,46.1,31.5,7.1,0.0780,0.600,232.944,0.529,123.228
271,P12,Gmelina arborea,43.6,35.6,7.4,0.0998,0.425,220.180,0.529,116.475
272,P12,Gmelina arborea,35.6,32.1,6.3,0.0812,0.425,153.789,0.529,81.355
273,P12,Gmelina arborea,29.0,25.0,7.3,0.0490,0.425,108.573,0.529,57.435
274,P12,Gmelina arborea,33.4,27.4,7.1,0.0588,0.425,126.271,0.529,66.797
275,P12,Gmelina arborea,38.5,31.8,6.2,0.0796,0.425,148.494,0.529,78.553
276,P12,Gmelina arborea,51.6,27.4,6,0.0588,0.425,107.140,0.529,56.677
277,P12,Gmelina arborea,51.6,27.4,6.3,0.0588,0.425,112.365,0.529,59.441
278,P12,Gmelina arborea,51.6,28.6,7.1,0.0644,0.425,137.989,0.529,72.996
279,P12,Gmelina arborea,39.1,34.1,6.3,0.0911,0.425,172.127,0.529,91.055
280,P12,Iannea schimperiana,49.6,27.7,6.4,0.0602,0.600,163.575,0.529,86.531
281,P13,Vitex doniana,31.3,25.1,6.9,0.0497,0.400,98.167,0.529,51.930
282,P13,Daniella olivera,36.3,31.2,5.6,0.0764,0.533,161.385,0.529,85.373
283,P13,Gmelina arborea,56.7,47.4,6.9,0.1766,0.425,359.014,0.529,189.918
284,P13,Daniella olivera,27.4,21.2,5.4,0.0352,0.533,73.067,0.529,38.653
285,P13,Daniella olivera,27.4,22.9,7.1,0.0412,0.533,111.455,0.529,58.960
286,P13,Gmelina arborea,35.6,28.2,7.4,0.0623,0.425,139.039,0.529,73.552
287,P13,Daniella olivera,28.8,25.8,6.8,0.0522,0.533,134.477,0.529,71.139
288,P13,Daniella olivera,19.1,15.8,5.2,0.0195,0.533,39.577,0.529,20.936
289,P13,Vitex doniana,33.1,27.4,6.9,0.0588,0.400,115.861,0.529,61.290
290,P13,Gmelina arborea,28.6,21.0,7.3,0.0347,0.425,77.390,0.529,40.940
291,P13,Vitex doniana,22.3,19.1,6.8,0.0286,0.400,56.566,0.529,29.924
292,P13,Daniella olivera,18.5,15.0,6.3,0.0176,0.533,43.137,0.529,22.819
293,P13,Gmelina arborea,27.7,18.8,5.6,0.0277,0.425,48.003,0.529,25.394
294,P13,Gmelina arborea,29.6,25.1,5.3,0.0497,0.425,80.426,0.529,42.545
295,P13,Gmelina arborea,28.6,25.5,7.4,0.0509,0.425,114.166,0.529,60.394
296,P13,Vitex doniana,18.8,17.5,6.3,0.0241,0.400,44.302,0.529,23.436
297,P13,Gmelina arborea,22.9,18.1,6.9,0.0258,0.425,55.020,0.529,29.105
298,P13,Gmelina arborea,40.1,32.8,5.3,0.0844,0.425,134.985,0.529,71.407
299,P13,Saccoscphalus latifolia,34.1,26.4,5.6,0.0548,0.6,130.983,0.529,69.290
300,P13,Vitex doniana,23.9,20.1,5.4,0.0316,0.400,49.683,0.529,26.282
301,P13,Daniella olivera,26.1,20.1,6.3,0.0316,0.533,76.424,0.529,40.428
302,P13,Daniella olivera,17.2,12.4,5.2,0.0121,0.533,24.851,0.529,13.146
303,P13,Saccoscphalus latifolia,27.4,22.0,5.1,0.0379,0.6,83.362,0.529,44.098
304,P13,Daniella olivera,16.2,14.0,5.2,0.0154,0.533,31.448,0.529,16.636
305,P13,Daniella olivera,28.6,21.6,6.1,0.0368,0.533,85.960,0.529,45.473
306,P13,Daniella olivera,20.4,16.2,5.2,0.0207,0.533,41.952,0.529,22.193
307,P13,Vitex doniana,15.6,12.1,5.1,0.0115,0.400,17.515,0.529,9.265
308,P13,Daniella olivera,32.8,27.1,6.9,0.0575,0.533,149.865,0.529,79.279
309,P13,Gmelina arborea,32.8,26.1,5.3,0.0535,0.425,86.495,0.529,45.756
310,P14,Gmelina arborea,22.0,17.8,4.3,0.0249,0.425,33.501,0.529,17.722
311,P14,Khaya senegalensis,36.3,32.3,6.7,0.0820,0.648,249.099,0.529,131.774
312,P14,Gmelina arborea,29.9,24.5,6.1,0.0472,0.425,87.750,0.529,46.420
313,P14,Gmelina arborea,29.6,26.7,6.5,0.0561,0.425,110.645,0.529,58.531
314,P14,Gmelina arborea,30.2,21.6,6.3,0.0368,0.425,71.047,0.529,37.584
315,P14,Gmelina arborea,21.5,20.7,6.2,0.0336,0.425,64.049,0.529,33.882
316,P14,Daniella olivera,30.2,25.1,6.1,0.0497,0.533,115.188,0.529,60.935
317,P14,Afzelia africana,31.2,27.7,7.4,0.0602,0.680,213.023,0.529,112.689
318,P14,Daniella olivera,23.6,20.4,6.8,0.0326,0.533,84.908,0.529,44.916
319,P14,Daniella olivera,26.4,23.4,6.2,0.0430,0.533,101.654,0.529,53.775
320,P14,Daniella olivera,21.3,17.2,6.1,0.0232,0.533,54.812,0.529,28.995
321,P14,Gmelina arborea,26.1,24.5,7.4,0.0472,0.425,105.958,0.529,56.052
322,P14,Anthocleista djalonensis,26.9,18.9,6.6,0.0282,0.523,70.233,0.529,37.153
323,P14,Gmelina arborea,24.2,20.5,7.4,0.0331,0.425,74.983,0.529,39.666
324,P14,Gmelina arborea,25.8,21.5,6.3,0.0362,0.425,70.031,0.529,37.047
325,P14,Gmelina arborea,19.7,16.4,6.1,0.0211,0.425,40.019,0.529,21.170
326,P14,Gmelina arborea,22.9,19.9,6.5,0.0311,0.425,62.129,0.529,32.866
327,P14,Gmelina arborea,20.1,17.7,6.3,0.0245,0.425,47.792,0.529,25.282
328,P14,Gmelina arborea,19.4,15.6,5.6,0.0191,0.425,33.406,0.529,17.672
329,P14,Gmelina arborea,31.2,16.2,5.4,0.0207,0.425,34.860,0.529,18.441
330,P14,Gmelina arborea,31.2,15.9,5.3,0.0199,0.425,32.932,0.529,17.421
331,P14,Daniella olivera,22.9,17.5,5.3,0.0241,0.533,49.527,0.529,26.200
332,P14,Gmelina arborea,18.8,13.2,5.2,0.0137,0.425,22.469,0.529,11.886
333,P14,Daniella olivera,20.1,17.3,6.1,0.0236,0.533,55.807,0.529,29.522
334,P14,Daniella olivera,16.9,13.0,5.4,0.0134,0.533,28.427,0.529,15.038
335,P14,Gmelina arborea,19.4,16.3,6.4,0.0209,0.425,41.621,0.529,22.018
336,P14,Gmelina arborea,24.5,17.7,6.1,0.0245,0.425,46.310,0.529,24.498
337,P14,Daniella olivera,21.6,13.7,6.1,0.0147,0.533,35.137,0.529,18.588
338,P14,Gmelina arborea,20.1,15.3,5.2,0.0183,0.425,29.849,0.529,15.790
339,P14,Ficus sur,15.9,14.3,6.3,0.0161,0.4,29.944,0.529,15.840
340,P14,Gmelina arborea,23.6,18.5,6.4,0.0268,0.425,52.890,0.529,27.979
341,P14,Iannea schimperiana,20.4,17.3,7.1,0.0236,0.600,72.647,0.529,38.430
342,P14,Daniella olivera,18.8,15.0,6.2,0.0176,0.533,42.469,0.529,22.466
343,P14,Daniella olivera,21.3,17.5,6.4,0.0241,0.533,59.536,0.529,31.494
344,P14,Daniella olivera,24.2,15.6,6.1,0.0191,0.533,45.342,0.529,23.986
345,P14,Gmelina arborea,21.0,17.3,7.1,0.0236,0.425,51.833,0.529,27.420
346,P14,Gmelina arborea,25.1,18.5,7.4,0.0268,0.425,60.942,0.529,32.238
347,P14,Daniella olivera,21.6,16.5,6.3,0.0215,0.533,52.548,0.529,27.798
348,P14,Gmelina arborea,31.2,26.4,7.1,0.0548,0.425,117.816,0.529,62.324
349,P14,Anthocleista djalonensis,37.9,25.8,7.4,0.0522,0.523,143.398,0.529,75.857
350,P14,Gmelina arborea,30.7,22.9,7.3,0.0412,0.425,91.717,0.529,48.518
351,P14,Daniella olivera,15.9,12.7,5.3,0.0127,0.533,26.599,0.529,14.071
352,P14,Gmelina arborea,22.3,17.8,6.1,0.0249,0.425,47.128,0.529,24.931
353,P14,Gmelina arborea,20.4,16.2,5.4,0.0207,0.425,34.860,0.529,18.441
354,P14,Daniella olivera,21.6,18.1,5.3,0.0258,0.533,53.103,0.529,28.091
355,P15,Gmelina arborea,25.8,21.6,7.4,0.0368,0.425,83.131,0.529,43.976
356,P15,Anthocleista djalonensis,24.8,16.2,6.1,0.0207,0.523,48.136,0.529,25.464
357,P15,Gmelina arborea,22.6,18.8,6.2,0.0277,0.425,53.017,0.529,28.046
358,P15,Gmelina arborea,34.1,27.7,6.8,0.0602,0.425,123.824,0.529,65.503
359,P15,Gmelina arborea,25.8,21.0,6.7,0.0347,0.425,71.176,0.529,37.652
360,P15,Gmelina arborea,21.0,17.2,6.1,0.0232,0.425,43.898,0.529,23.222
361,P15,Gmelina arborea,26.1,22.3,7.1,0.0390,0.425,84.488,0.529,44.694
362,P15,Gmelina arborea,33.4,25.1,7.4,0.0497,0.425,111.397,0.529,58.929
363,P15,Gmelina arborea,20.8,17.2,7.1,0.0232,0.425,50.909,0.529,26.931
364,P15,Gmelina arborea,28.3,23.2,7.2,0.0424,0.425,92.960,0.529,49.176
365,P15,Gmelina arborea,27.7,21.3,6.8,0.0357,0.425,74.364,0.529,39.338
366,P15,Daniella olivera,19.1,15.0,5.7,0.0176,0.533,39.123,0.529,20.696
367,P15,Gmelina arborea,21.3,18.1,7.3,0.0258,0.425,58.131,0.529,30.751
368,P15,Gmelina arborea,20.1,15.4,6.3,0.0187,0.425,36.733,0.529,19.432
369,P15,Gmelina arborea,29.9,24.5,6.8,0.0472,0.425,97.565,0.529,51.612
370,P15,Gmelina arborea,21.0,16.9,6.2,0.0223,0.425,43.003,0.529,22.748
371,P15,Gmelina arborea,22.6,20.4,6.1,0.0326,0.425,61.162,0.529,32.355
372,P15,Gmelina arborea,20.1,15.6,6.3,0.0191,0.425,37.476,0.529,19.825
373,P15,Gmelina arborea,22.6,16.9,6.1,0.0223,0.425,42.326,0.529,22.390
374,P15,Gmelina arborea,16.9,15.6,6.3,0.0191,0.425,37.476,0.529,19.825
375,P15,Gmelina arborea,19.1,15.3,5.2,0.0183,0.425,29.849,0.529,15.790
376,P15,Gmelina arborea,21.0,17.2,5.3,0.0232,0.425,38.270,0.529,20.245
377,P15,Gmelina arborea,21.6,17.5,5.4,0.0241,0.425,40.396,0.529,21.370
378,P15,Gmelina arborea,17.8,14.3,5.2,0.0161,0.425,26.316,0.529,13.921
379,P15,Gmelina arborea,25.8,20.4,5.3,0.0326,0.425,53.320,0.529,28.206
380,P15,Gmelina arborea,34.4,19.1,6.1,0.0286,0.425,53.922,0.529,28.525
381,P15,Gmelina arborea,34.4,19.1,6.4,0.0286,0.425,56.509,0.529,29.893
382,P15,Ptericarpus erinaceous,24.8,16.9,7.3,0.0223,0.740,86.754,0.529,45.893
383,P15,Gmelina arborea,26.7,21.6,6.3,0.0368,0.425,71.047,0.529,37.584
384,P15,Gmelina arborea,24.8,20.4,6.1,0.0326,0.425,61.162,0.529,32.355
385,P15,Gmelina arborea,26.7,22.3,6.1,0.0390,0.425,72.853,0.529,38.539
386,P15,Gmelina arborea,19.1,15.3,5.3,0.0183,0.425,30.410,0.529,16.087
387,P15,Ptericarpus erinaceous,20.7,17.5,6.1,0.0241,0.740,78.265,0.529,41.402
388,P15,Gmelina arborea,26.4,21.6,6.7,0.0368,0.425,75.447,0.529,39.911
389,P15,Gmelina arborea,25.5,23.9,6.5,0.0448,0.425,88.686,0.529,46.915
390,P15,Gmelina arborea,22.0,18.1,6.3,0.0258,0.425,50.345,0.529,26.633
391,P15,Anthocleista djalonensis,28.6,22.6,5.8,0.0401,0.523,87.412,0.529,46.241
392,P15,Ptericarpus erinaceous,33.7,29.6,7.4,0.0688,0.740,263.481,0.529,139.381
393,P15,Gmelina arborea,23.1,21.6,6.8,0.0368,0.425,76.546,0.529,40.493
394,P15,Ptericarpus erinaceous,19.1,16.9,5.3,0.0223,0.740,63.472,0.529,33.576
395,P15,Anthocleista djalonensis,30.6,19.7,6.3,0.0306,0.523,72.730,0.529,38.474
396,P16,Gmelina arborea,32.8,22.6,7.4,0.0401,0.425,90.440,0.529,47.843
397,P16,Gmelina arborea,24.2,19.1,7.1,0.0286,0.425,62.534,0.529,33.080
398,P16,Gmelina arborea,35.0,24.8,7.4,0.0484,0.425,108.661,0.529,57.482
399,P16,Gmelina arborea,32.8,25.8,6.7,0.0522,0.425,106.156,0.529,56.157
400,P16,Gmelina arborea,27.1,22.6,6.8,0.0401,0.425,83.276,0.529,44.053
401,P16,Gmelina arborea,24.2,21.0,5.8,0.0347,0.425,61.829,0.529,32.707
402,P16,Gmelina arborea,28.6,23.9,6.3,0.0448,0.425,86.022,0.529,45.506
403,P16,Khaya senegalensis,25.1,18.5,7.4,0.0268,0.648,92.063,0.529,48.701
404,P16,Khaya senegalensis,38.2,33.7,7.1,0.0894,0.648,286.898,0.529,151.769
405,P16,Gmelina arborea,37.2,29.3,7.2,0.0673,0.425,146.017,0.529,77.243
406,P16,Gmelina arborea,25.5,21.6,7.4,0.0368,0.425,83.131,0.529,43.976
407,P16,Gmelina arborea,26.4,21.0,7.2,0.0347,0.425,76.356,0.529,40.392
408,P16,Gmelina arborea,25.5,20.4,7.4,0.0326,0.425,73.853,0.529,39.068
409,P16,Gmelina arborea,24.2,19.1,6.1,0.0286,0.425,53.922,0.529,28.525
410,P16,Gmelina arborea,40.1,31.2,7.5,0.0764,0.425,171.897,0.529,90.933
411,P16,Gmelina arborea,35.3,27.7,7.4,0.0602,0.425,134.476,0.529,71.138
412,P16,Gmelina arborea,37.6,22.0,7.1,0.0379,0.425,82.148,0.529,43.456
413,P16,Gmelina arborea,37.6,20.7,6.3,0.0336,0.425,65.058,0.529,34.415
414,P16,Gmelina arborea,23.2,20.1,7.2,0.0316,0.425,69.727,0.529,36.886
415,P16,Gmelina arborea,29.6,18.1,6.2,0.0258,0.425,49.565,0.529,26.220
416,P16,Gmelina arborea,25.1,22.0,6.1,0.0379,0.425,70.835,0.529,37.472
417,P16,Gmelina arborea,29.6,24.2,7.3,0.0460,0.425,101.926,0.529,53.919
418,P16,Gmelina arborea,36.1,30.9,7.1,0.0749,0.425,159.713,0.529,84.488
419,P16,Gmelina arborea,28.6,24.2,5.4,0.0460,0.425,75.945,0.529,40.175
420,P16,Gmelina arborea,27.1,22.8,6.1,0.0407,0.425,75.931,0.529,40.168
421,P16,Gmelina arborea,26.9,17.8,6.3,0.0249,0.425,48.636,0.529,25.728
422,P16,Gmelina arborea,29.0,21.0,6.4,0.0347,0.425,68.064,0.529,36.006
423,P16,Daniella olivera,35.0,26.1,6.7,0.0535,0.533,135.760,0.529,71.817
424,P16,Gmelina arborea,26.1,23.2,7.4,0.0424,0.425,95.480,0.529,50.509
425,P16,Gmelina arborea,31.5,27.7,6.4,0.0602,0.425,116.710,0.529,61.740
426,P16,Gmelina arborea,22.9,19.1,6.2,0.0286,0.425,54.785,0.529,28.981
427,P16,Gmelina arborea,33.1,29.6,7.1,0.0688,0.425,147.110,0.529,77.821
428,P16,Gmelina arborea,23.6,21.3,6.8,0.0357,0.425,74.364,0.529,39.338
429,P16,Daniella olivera,30.6,24.2,5.7,0.0460,0.533,99.963,0.529,52.881
430,P17,Vitex doniana,23.2,20.4,6.4,0.0326,0.400,60.475,0.529,31.991
431,P17,Daniella olivera,18.8,15.0,7.1,0.0176,0.533,48.475,0.529,25.643
432,P17,Gmelina arborea,27.4,24.5,6.8,0.0472,0.425,97.565,0.529,51.612
433,P17,Gmelina arborea,27.4,16.2,6.7,0.0207,0.425,43.029,0.529,22.762
434,P17,Gmelina arborea,40.7,19.4,7.4,0.0296,0.425,67.246,0.529,35.573
435,P17,Gmelina arborea,23.9,16.2,6.4,0.0207,0.425,41.147,0.529,21.767
436,P17,Gmelina arborea,23.6,20.4,6.8,0.0326,0.425,68.003,0.529,35.973
437,P17,Gmelina arborea,21.6,18.5,7.2,0.0268,0.425,59.334,0.529,31.388
438,P17,Gmelina arborea,28.6,22.0,6.7,0.0379,0.425,77.628,0.529,41.065
439,P17,Gmelina arborea,27.4,18.8,6.4,0.0277,0.425,54.685,0.529,28.928
440,P17,Gmelina arborea,40.7,16.5,7.3,0.0215,0.425,48.593,0.529,25.706
441,P17,Gmelina arborea,29.6,19.4,7.1,0.0296,0.425,64.584,0.529,34.165
442,P17,Khaya senegalensis,23.6,15.0,6.1,0.0176,0.648,50.573,0.529,26.753
443,P17,Khaya senegalensis,29.3,24.8,7.2,0.0484,0.648,159.819,0.529,84.544
444,P17,Gmelina arborea,22.6,19.4,6.8,0.0296,0.425,61.919,0.529,32.755
445,P17,Gmelina arborea,25.1,21.3,7.1,0.0357,0.425,77.564,0.529,41.031
446,P17,Gmelina arborea,26.1,22.6,7.3,0.0401,0.425,89.247,0.529,47.212
447,P17,Gmelina arborea,19.7,16.5,6.4,0.0215,0.425,42.737,0.529,22.608
448,P17,Gmelina arborea,23.2,19.4,6.8,0.0296,0.425,61.919,0.529,32.755
449,P17,Gmelina arborea,16.9,15.0,5.8,0.0176,0.425,31.869,0.529,16.859
450,P17,Gmelina arborea,24.2,20.4,6.1,0.0326,0.425,61.162,0.529,32.355
451,P17,Daniella olivera,15.9,14.0,5.7,0.0154,0.533,34.396,0.529,18.196
452,P17,Gmelina arborea,29.3,24.8,7.4,0.0484,0.425,108.661,0.529,57.482
453,P17,Gmelina arborea,15.3,13.0,6.1,0.0134,0.425,25.643,0.529,13.565
454,P17,Daniella olivera,17.8,14.0,5.1,0.0154,0.533,30.858,0.529,16.324
455,P17,Gmelina arborea,28.0,20.4,7.4,0.0326,0.425,73.853,0.529,39.068
456,P17,Gmelina arborea,22.3,19.1,7.1,0.0286,0.425,62.534,0.529,33.080
457,P17,Gmelina arborea,22.6,18.8,6.1,0.0277,0.425,52.182,0.529,27.604
458,P17,Gmelina arborea,18.1,14.3,5.2,0.0161,0.425,26.316,0.529,13.921
459,P17,Gmelina arborea,18.8,15.0,5.1,0.0176,0.425,28.110,0.529,14.870
460,P17,Gmelina arborea,15.6,13.7,6.1,0.0147,0.425,28.141,0.529,14.887
461,P17,Gmelina arborea,22.9,18.8,5.3,0.0277,0.425,45.492,0.529,24.065
462,P17,Gmelina arborea,21.6,17.5,6.3,0.0241,0.425,46.955,0.529,24.839
463,P17,Gmelina arborea,25.1,19.7,6.9,0.0306,0.425,64.834,0.529,34.297
464,P17,Gmelina arborea,29.3,24.5,5.3,0.0472,0.425,76.499,0.529,40.468
465,P17,Gmelina arborea,28.3,25.1,7.1,0.0497,0.425,106.987,0.529,56.596
466,P17,Gmelina arborea,28.0,22.0,7.2,0.0379,0.425,83.277,0.529,44.053
467,P17,Gmelina arborea,16.9,14.3,5.4,0.0161,0.425,27.304,0.529,14.444
468,P17,Gmelina arborea,12.7,11.1,5.1,0.0097,0.425,15.810,0.529,8.364
469,P17,Gmelina arborea,19.7,16.5,5.6,0.0215,0.425,37.515,0.529,19.845
470,P17,Gmelina arborea,15.9,13.7,6.1,0.0147,0.425,28.141,0.529,14.887
471,P17,Gmelina arborea,30.9,27.1,7.4,0.0575,0.425,128.508,0.529,67.981
472,P18,Parkia biglobosa,38.2,31.8,7.4,0.0796,0.525,217.212,0.529,114.905
473,P18,Gmelina arborea,30.6,28.0,7.2,0.0616,0.425,133.882,0.529,70.823
474,P18,Iannea schimperiana,30.9,25.5,6.2,0.0509,0.600,134.633,0.529,71.221
475,P18,Gmelina arborea,36.9,28.0,5.8,0.0616,0.425,108.410,0.529,57.349
476,P18,Gmelina arborea,24.2,13.7,6.4,0.0147,0.425,29.491,0.529,15.601
477,P18,Gmelina arborea,24.2,16.2,6.4,0.0207,0.425,41.147,0.529,21.767
478,P18,Gmelina arborea,28.6,20.7,6.3,0.0336,0.425,65.058,0.529,34.415
479,P18,Iannea schimperiana,20.4,15.3,5.8,0.0183,0.600,46.541,0.529,24.620
480,P18,Gmelina arborea,24.7,20.7,6.2,0.0336,0.425,64.049,0.529,33.882
481,P18,Gmelina arborea,23.2,18.5,6.4,0.0268,0.425,52.890,0.529,27.979
482,P18,Gmelina arborea,21.6,18.5,5.3,0.0268,0.425,43.999,0.529,23.275
483,P18,Gmelina arborea,29.6,18.5,6.1,0.0268,0.425,50.469,0.529,26.698
484,P18,Gmelina arborea,29.6,19.4,6.3,0.0296,0.425,57.472,0.529,30.403
485,P18,Gmelina arborea,31.5,23.9,7.4,0.0448,0.425,100.652,0.529,53.245
486,P18,Gmelina arborea,20.4,17.5,6.1,0.0241,0.425,45.499,0.529,24.069
487,P18,Anthocleista djalonensis,42.0,30.6,7.2,0.0733,0.523,194.518,0.529,102.900
488,P18,Gmelina arborea,32.1,26.4,7.4,0.0548,0.425,122.672,0.529,64.893
489,P18,Gmelina arborea,28.3,24.5,7.1,0.0472,0.425,101.764,0.529,53.833
490,P18,Daniella olivera,21.6,19.1,6.3,0.0286,0.533,69.481,0.529,36.755
491,P18,Gmelina arborea,23.6,19.7,5.8,0.0306,0.425,54.725,0.529,28.950
492,P18,Daniella olivera,23.2,18.5,7,0.0268,0.533,72.075,0.529,38.128
493,P18,Gmelina arborea,29.6,16.9,7.2,0.0223,0.425,49.760,0.529,26.323
494,P18,Gmelina arborea,31.8,24.8,7.4,0.0484,0.425,108.661,0.529,57.482
495,P18,Gmelina arborea,47.7,24.8,7.4,0.0484,0.425,108.661,0.529,57.482
496,P18,Gmelina arborea,22.3,15.9,5.3,0.0199,0.425,32.932,0.529,17.421
497,P18,Gmelina arborea,17.2,16.5,5.1,0.0215,0.425,34.242,0.529,18.114
498,P18,Gmelina arborea,18.3,16.9,6.2,0.0223,0.425,43.003,0.529,22.748
499,P18,Gmelina arborea,19.4,15.0,5.7,0.0176,0.425,31.333,0.529,16.575
500,P18,Gmelina arborea,31.0,26.4,7.4,0.0548,0.425,122.672,0.529,64.893
501,P18,Gmelina arborea,35.3,29.9,7.1,0.0703,0.425,150.213,0.529,79.463
502,P18,Gmelina arborea,36.3,19.1,6.4,0.0286,0.425,56.509,0.529,29.893
503,P18,Gmelina arborea,36.3,22.3,6.7,0.0390,0.425,79.839,0.529,42.235
504,P18,Gmelina arborea,40.1,21.3,7.4,0.0357,0.425,80.761,0.529,42.723
505,P18,Gmelina arborea,40.1,23.6,7.1,0.0436,0.425,94.168,0.529,49.815
506,P18,Gmelina arborea,23.6,19.1,6.3,0.0286,0.425,55.647,0.529,29.437
507,P18,Gmelina arborea,32.1,22.6,7.4,0.0401,0.425,90.440,0.529,47.843
508,P18,Gmelina arborea,32.1,19.4,7.1,0.0296,0.425,64.584,0.529,34.165
509,P18,Gmelina arborea,26.7,22.0,6.1,0.0379,0.425,70.835,0.529,37.472
510,P18,Afzelia africana,28.3,23.2,6.4,0.0424,0.680,131.266,0.529,69.440
511,P18,Gmelina arborea,23.9,19.7,6.1,0.0306,0.425,57.486,0.529,30.410
512,P18,Gmelina arborea,25.5,17.8,6.4,0.0249,0.425,49.389,0.529,26.127
513,P18,Gmelina arborea,40.7,27.4,7.4,0.0588,0.425,131.476,0.529,69.551
514,P18,Gmelina arborea,35.3,28.3,6.1,0.0630,0.425,116.419,0.529,61.586
515,P18,Gmelina arborea,26.7,22.6,6.3,0.0401,0.425,77.294,0.529,40.889
516,P19,Daniella olivera,38.5,33.4,7.4,0.0877,0.533,242.376,0.529,128.217
517,P19,Daniella olivera,32.8,28.3,6.4,0.0630,0.533,152.335,0.529,80.585
518,P19,Anthocleista djalonensis,44.6,31.5,6.2,0.0780,0.523,178.510,0.529,94.432
519,P19,Gmelina arborea,29.0,24.5,7.1,0.0472,0.425,101.764,0.529,53.833
520,P19,Gmelina arborea,59.2,36.0,6.8,0.1016,0.425,206.287,0.529,109.126
521,P19,Gmelina arborea,29.0,22.3,6.1,0.0390,0.425,72.853,0.529,38.539
522,P19,Gmelina arborea,56.7,47.1,6.3,0.1743,0.425,324.221,0.529,171.513
523,P19,Gmelina arborea,53.5,36.0,6.8,0.1016,0.425,206.287,0.529,109.126
524,P19,Gmelina arborea,31.2,24.2,6.2,0.0460,0.425,86.907,0.529,45.974
525,P19,Gmelina arborea,41.7,27.4,6.4,0.0588,0.425,114.106,0.529,60.362
526,P19,Gmelina arborea,32.1,24.2,6.1,0.0460,0.425,85.539,0.529,45.250
527,P19,Gmelina arborea,32.1,25.8,6.3,0.0522,0.425,99.966,0.529,52.882
528,P19,Gmelina arborea,43.9,30.6,7.4,0.0733,0.425,162.966,0.529,86.209
529,P19,Gmelina arborea,48.7,32.1,7.4,0.0812,0.425,179.945,0.529,95.191
530,P19,Gmelina arborea,54.1,31.2,6.4,0.0764,0.425,147.245,0.529,77.892
531,P19,Gmelina arborea,53.5,31.8,7.4,0.0796,0.425,176.484,0.529,93.360
532,P19,Gmelina arborea,31.2,24.5,6.1,0.0472,0.425,87.750,0.529,46.420
533,P19,Gmelina arborea,56.0,27.4,5.4,0.0588,0.425,96.670,0.529,51.138
534,P19,Gmelina arborea,27.4,21.6,5.4,0.0368,0.425,61.123,0.529,32.334
535,P19,Gmelina arborea,33.1,29.0,6.1,0.0659,0.425,121.581,0.529,64.316
536,P19,Gmelina arborea,40.7,27.4,6.8,0.0588,0.425,121.061,0.529,64.041
537,P19,Gmelina arborea,31.2,23.2,6.1,0.0424,0.425,79.072,0.529,41.829
538,P19,Gmelina arborea,48.7,31.2,7.4,0.0764,0.425,169.659,0.529,89.750
539,P19,Gmelina arborea,32.1,29.0,6.4,0.0659,0.425,127.413,0.529,67.402
540,P19,Gmelina arborea,31.2,23.2,5.1,0.0424,0.425,66.394,0.529,35.122
541,P19,Gmelina arborea,56.7,40.7,6.4,0.1303,0.425,247.993,0.529,131.188
542,P19,Gmelina arborea,40.7,31.2,5.4,0.0764,0.425,124.745,0.529,65.990
543,P19,Gmelina arborea,35.0,31.2,6.4,0.0764,0.425,147.245,0.529,77.892
544,P19,Gmelina arborea,53.5,32.1,7.4,0.0812,0.425,179.945,0.529,95.191
545,P20,Gmelina arborea,33.1,27.7,7.5,0.0602,0.425,136.250,0.529,72.076
546,P20,Gmelina arborea,30.9,24.5,6,0.0472,0.425,86.346,0.529,45.677
547,P20,Gmelina arborea,21.0,15.9,5.5,0.0199,0.425,34.144,0.529,18.062
548,P20,Khaya senegalensis,22.3,20.7,6,0.0336,0.648,93.710,0.529,49.572
549,P20,Khaya senegalensis,32.8,26.4,6.5,0.0548,0.648,163.285,0.529,86.378
550,P20,Khaya senegalensis,23.9,19.1,5,0.0286,0.648,67.088,0.529,35.490
551,P20,Khaya senegalensis,17.5,14.3,5.5,0.0161,0.648,41.992,0.529,22.214
552,P20,Gmelina arborea,19.1,15.9,6.2,0.0199,0.425,38.379,0.529,20.303
553,P20,Gmelina arborea,23.2,20.1,6.3,0.0316,0.425,61.207,0.529,32.379
554,P20,Gmelina arborea,23.9,19.1,6.1,0.0286,0.425,53.922,0.529,28.525
555,P20,Gmelina arborea,22.3,17.5,6.2,0.0241,0.425,46.227,0.529,24.454
556,P20,Gmelina arborea,22.9,16.5,6.5,0.0215,0.425,43.389,0.529,22.953
557,P20,Gmelina arborea,23.2,20.1,6.4,0.0316,0.425,62.155,0.529,32.880
558,P20,Daniella olivera,20.4,17.2,5.4,0.0232,0.533,48.664,0.529,25.743
559,P20,Daniella olivera,17.2,12.7,5.6,0.0127,0.533,28.068,0.529,14.848
560,P20,Daniella olivera,20.7,19.1,6.2,0.0286,0.533,68.404,0.529,36.186
561,P20,Gmelina arborea,28.6,23.9,7,0.0448,0.425,95.339,0.529,50.434
562,P20,Gmelina arborea,27.7,24.5,6.5,0.0472,0.425,93.362,0.529,49.388
563,P21,Gmelina arborea,26.1,21.6,7.4,0.0368,0.425,83.131,0.529,43.976
564,P21,Ptericarpus erinaceous,32.1,29.9,7.2,0.0703,0.740,261.940,0.529,138.566
565,P21,Ptericarpus erinaceous,36.9,27.4,7.1,0.0588,0.740,217.205,0.529,114.901
566,P21,Gmelina arborea,24.8,21.6,6.4,0.0368,0.425,72.148,0.529,38.166
567,P21,Gmelina arborea,31.2,22.6,6.3,0.0401,0.425,77.294,0.529,40.889
568,P21,Gmelina arborea,32.8,25.8,6.4,0.0522,0.425,101.515,0.529,53.701
569,P21,Gmelina arborea,50.3,28.6,7.4,0.0644,0.425,143.677,0.529,76.005
570,P21,Anthocleista djalonensis,36.0,22.6,7.5,0.0401,0.523,112.338,0.529,59.427
571,P21,Anthocleista djalonensis,31.2,21.6,7.5,0.0368,0.523,103.259,0.529,54.624
572,P21,Anthocleista djalonensis,37.2,24.8,7.1,0.0484,0.523,127.940,0.529,67.680
573,P21,Anthocleista djalonensis,26.4,20.4,6.4,0.0326,0.523,78.579,0.529,41.568
574,P21,Anthocleista djalonensis,30.9,26.4,7.4,0.0548,0.523,150.390,0.529,79.557
575,P21,Iannea schimperiana,38.2,32.1,7.3,0.0812,0.600,248.876,0.529,131.655
576,P21,Iannea schimperiana,41.4,35.3,7.4,0.0980,0.600,303.239,0.529,160.413
577,P21,Iannea schimperiana,40.7,32.1,6.4,0.0812,0.600,218.883,0.529,115.789
578,P21,Gmelina arborea,25.8,20.4,6.3,0.0326,0.425,63.118,0.529,33.389
579,P21,Gmelina arborea,28.6,26.4,5.4,0.0548,0.425,90.197,0.529,47.714
580,P21,Gmelina arborea,31.2,22.6,6.3,0.0401,0.425,77.294,0.529,40.889
581,P21,Gmelina arborea,33.4,28.3,6.1,0.0630,0.425,116.419,0.529,61.586
582,P21,Gmelina arborea,40.7,31.2,7.4,0.0764,0.425,169.659,0.529,89.750
583,P21,Gmelina arborea,43.9,30.6,7.1,0.0733,0.425,156.515,0.529,82.796
584,P21,Gmelina arborea,31.2,19.4,6.1,0.0296,0.425,55.690,0.529,29.460
585,P21,Gmelina arborea,35.3,28.3,6.4,0.0630,0.425,122.004,0.529,64.540
586,P21,Gmelina arborea,39.5,32.1,7.4,0.0812,0.425,179.945,0.529,95.191
587,P21,Gmelina arborea,39.1,31.2,7.1,0.0764,0.425,162.943,0.529,86.197
588,P21,Gmelina arborea,41.7,32.1,7.4,0.0812,0.425,179.945,0.529,95.191
589,P21,Gmelina arborea,40.7,31.2,7.1,0.0764,0.425,162.943,0.529,86.197
590,P21,Gmelina arborea,32.1,30.6,6.4,0.0733,0.425,141.436,0.529,74.820
