,S.NO,SPECIES,HEIGHT,DIAMETER,CROWN.DIAMETER,PLOT,WOOD.DENSITY,BA,AGB.kg,AGB.tons,AGB.kg.ha,AGB.tons.ha,AGC.kg,AGC.tons,AGC.kg.ha,AGC.tons.ha
1,1,Tectona grandis,18,9.61,5.7,P1,0.615,0.00725331697258975,58.2611690684111,0.0582611690684111,38.8407793789408,0.0388407793789408,27.3827494621532,0.0273827494621532,25.8938529192938,0.0258938529192938
2,2,Tectona grandis,16.2,7.7,5.6,P1,0.615,0.00465662571078347,34.1093722688454,0.0341093722688454,22.7395815125636,0.0227395815125636,16.0314049663573,0.0160314049663573,15.1597210083757,0.0151597210083757
3,3,Tectona grandis,19,10.22,5.5,P1,0.615,0.00820335815298021,69.2578236727256,0.0692578236727256,46.1718824484837,0.0461718824484837,32.551177126181,0.032551177126181,30.7812549656558,0.0307812549656558
4,4,Tectona grandis,17.1,8.37,6.2,P1,0.615,0.00550225605933187,42.3176434401123,0.0423176434401123,28.2117622934082,0.0282117622934082,19.8892924168528,0.0198892924168528,18.8078415289388,0.0188078415289388
5,5,Tectona grandis,16,7.92,6.4,P1,0.615,0.00492651993565337,35.6032656516987,0.0356032656516987,23.7355104344658,0.0237355104344658,16.7335348562984,0.0167335348562984,15.8236736229772,0.0158236736229772
6,6,Tectona grandis,17.6,8.85,5.1,P1,0.615,0.00615143476526966,48.5300574472171,0.0485300574472171,32.353371631478,0.032353371631478,22.809127000192,0.022809127000192,21.5689144209854,0.0215689144209854
7,7,Tectona grandis,19.5,10.41,5.5,P1,0.615,0.0085112106710871,73.6367787387285,0.0736367787387285,49.091185825819,0.049091185825819,34.6092860072024,0.0346092860072024,32.7274572172127,0.0327274572172127
8,8,Tectona grandis,17.8,8.43,6.8,P1,0.615,0.00558142419420233,44.6254414306793,0.0446254414306793,29.7502942871195,0.0297502942871195,20.9739574724193,0.0209739574724193,19.8335295247463,0.0198335295247463
9,9,Tectona grandis,20.5,11.97,7.1,P1,0.615,0.0112532555709933,101.547381040186,0.101547381040186,67.6982540267906,0.0676982540267906,47.7272690888874,0.0477272690888874,45.1321693511938,0.0451321693511938
10,10,Tectona grandis,19.9,10.76,6.1,P1,0.615,0.00909315144025644,80.1189655751545,0.0801189655751545,53.4126437167697,0.0534126437167697,37.6559138203226,0.0376559138203226,35.6084291445131,0.0356084291445131
11,11,Tectona grandis,17,8.59,6.1,P1,0.615,0.00579530382205873,44.2618926246921,0.0442618926246921,29.5079284164614,0.0295079284164614,20.8030895336053,0.0208030895336053,19.6719522776409,0.0196719522776409
12,12,Tectona grandis,18.5,9.29,7.8,P1,0.615,0.00677830816336697,56.0123066608108,0.0560123066608108,37.3415377738739,0.0373415377738739,26.3257841305811,0.0263257841305811,24.8943585159159,0.0248943585159159
13,13,Tectona grandis,18,9.07,6.05,P1,0.615,0.00646107013720748,52.0418308201935,0.0520418308201935,34.694553880129,0.034694553880129,24.459660485491,0.024459660485491,23.1297025867527,0.0231297025867527
14,14,Tectona grandis,17.5,8.59,6.3,P1,0.615,0.00579530382205873,45.5320253044089,0.0455320253044089,30.3546835362726,0.0303546835362726,21.4000518930722,0.0214000518930722,20.2364556908484,0.0202364556908484
15,15,Tectona grandis,18.6,9.61,7.2,P1,0.615,0.00725331697258975,60.1558494137747,0.0601558494137747,40.1038996091831,0.0401038996091831,28.2732492244741,0.0282732492244741,26.7359330727888,0.0267359330727888
16,16,Tectona grandis,21.6,14.16,8.05,P1,0.615,0.0157476729990903,148.340421565773,0.148340421565773,98.8936143771821,0.0988936143771821,69.7199981359134,0.0697199981359134,65.9290762514547,0.0659290762514547
17,17,Tectona grandis,16.8,7.99,6.4,P1,0.615,0.00501398972911094,37.9865935052509,0.0379865935052509,25.3243956701673,0.0253243956701673,17.8536989474679,0.0178536989474679,16.8829304467782,0.0168829304467782
18,18,Tectona grandis,18.5,9.68,7.9,P1,0.615,0.00735936928659331,60.6939610464949,0.0606939610464949,40.4626406976632,0.0404626406976632,28.5261616918526,0.0285261616918526,26.9750937984422,0.0269750937984422
19,19,Tectona grandis,18.5,9.26,5.9,P1,0.615,0.0067346007555739,55.6597729164709,0.0556597729164709,37.1065152776472,0.0371065152776472,26.1600932707413,0.0261600932707413,24.7376768517648,0.0247376768517648
20,20,Tectona grandis,19.6,10.98,7.3,P1,0.615,0.00946879167384617,82.1211213142155,0.0821211213142155,54.747414209477,0.054747414209477,38.5969270176813,0.0385969270176813,36.4982761396513,0.0364982761396513
21,21,Tectona grandis,18.8,9.2,6.5,P1,0.615,0.006647610054996,55.8276152877824,0.0558276152877824,37.218410191855,0.037218410191855,26.2389791852577,0.0262389791852577,24.8122734612366,0.0248122734612366
22,22,Tectona grandis,19.2,12.89,7.05,P1,0.615,0.0130495554184629,110.070989616445,0.110070989616445,73.3806597442966,0.0733806597442966,51.7333651197291,0.0517333651197291,48.9204398295311,0.0489204398295311
23,23,Tectona grandis,16.3,7.26,5.9,P1,0.615,0.00413964522370873,30.5914852329492,0.0305914852329492,20.3943234886328,0.0203943234886328,14.3779980594861,0.0143779980594861,13.5962156590885,0.0135962156590885
24,24,Tectona grandis,17,8.5,6.5,P2,0.615,0.00567450173054657,43.3611775250086,0.0433611775250086,28.9074516833391,0.0289074516833391,20.379753436754,0.020379753436754,19.2716344555594,0.0192716344555594
25,25,Tectona grandis,17.9,8.91,6.7,P2,0.615,0.0062351267935613,49.9922880170904,0.0499922880170904,33.3281920113936,0.0333281920113936,23.4963753680325,0.0234963753680325,22.2187946742624,0.0222187946742624
26,26,Tectona grandis,18.1,9.36,7.2,P2,0.615,0.00688084189359851,55.6393340207087,0.0556393340207087,37.0928893471391,0.0370928893471391,26.1504869897331,0.0261504869897331,24.7285928980927,0.0247285928980927
27,27,Tectona grandis,18.6,9.2,7.5,P2,0.615,0.006647610054996,55.247884077152,0.055247884077152,36.8319227181013,0.0368319227181013,25.9665055162614,0.0259665055162614,24.5546151454009,0.0245546151454009
28,28,Tectona grandis,16.6,7.96,5.3,P2,0.615,0.00497640842699238,37.270479431813,0.037270479431813,24.8469862878754,0.0248469862878754,17.5171253329521,0.0175171253329521,16.5646575252502,0.0165646575252502
29,29,Tectona grandis,17.7,8.53,6.6,P2,0.615,0.00571462772271454,45.4141922419982,0.0454141922419982,30.2761281613322,0.0302761281613322,21.3446703537392,0.0213446703537392,20.1840854408881,0.0201840854408881
30,30,Tectona grandis,16.6,7.64,6.9,P2,0.615,0.00458433766382437,34.4017794362414,0.0344017794362414,22.9345196241609,0.0229345196241609,16.1688363350335,0.0161688363350335,15.2896797494406,0.0152896797494406
31,31,Tectona grandis,18,9.13,7.1,P2,0.615,0.00654683561665048,52.7159575930936,0.0527159575930936,35.1439717287291,0.0351439717287291,24.776500068754,0.024776500068754,23.4293144858194,0.0234293144858194
32,32,Tectona grandis,18,9.87,8.05,P2,0.615,0.00765110543438729,61.3776454593561,0.0613776454593561,40.9184303062374,0.0409184303062374,28.8474933658973,0.0288474933658973,27.2789535374916,0.0272789535374916
33,33,Tectona grandis,7,1.21,2.1,P2,0.615,0.00011499014510302,0.405854071495513,0.000405854071495513,0.270569380997009,0.000270569380997009,0.190751413602891,0.000190751413602891,0.180379587331339,0.000180379587331339
34,34,Tectona grandis,17,8.4,6.05,P2,0.615,0.0055417694409324,42.3709782388072,0.0423709782388072,28.2473188258715,0.0282473188258715,19.9143597722394,0.0199143597722394,18.8315458839143,0.0188315458839143
35,35,Tectona grandis,16.7,7.92,6,P2,0.615,0.00492651993565337,37.1227386205823,0.0371227386205823,24.7484924137215,0.0247484924137215,17.4476871516737,0.0174476871516737,16.498994942481,0.016498994942481
36,36,Tectona grandis,18,9.1,7.05,P2,0.615,0.00650388219109427,52.3783652763385,0.0523783652763385,34.9189101842257,0.0349189101842257,24.6178316798791,0.0246178316798791,23.2792734561504,0.0232792734561504
37,37,Tectona grandis,18.5,9.48,5.7,P2,0.615,0.0070584047103794,58.2702201137944,0.0582702201137944,38.8468134091963,0.0388468134091963,27.3870034534834,0.0273870034534834,25.8978756061308,0.0258978756061308
38,38,Tectona grandis,17,8.5,6.5,P2,0.615,0.00567450173054657,43.3611775250086,0.0433611775250086,28.9074516833391,0.0289074516833391,20.379753436754,0.020379753436754,19.2716344555594,0.0192716344555594
39,39,Tectona grandis,19.2,12.73,7.9,P2,0.615,0.012727605003323,107.419770546405,0.107419770546405,71.6131803642698,0.0716131803642698,50.4872921568102,0.0504872921568102,47.7421202428465,0.0477421202428465
40,40,Tectona grandis,16.5,7.16,4.7,P2,0.615,0.00402639080854682,30.1308737899655,0.0301308737899655,20.0872491933103,0.0200872491933103,14.1615106812838,0.0141615106812838,13.3914994622069,0.0133914994622069
41,41,Tectona grandis,18.2,9.52,6.6,P2,0.615,0.00711809497079761,57.8210767838896,0.0578210767838896,38.547384522593,0.038547384522593,27.1759060884281,0.0271759060884281,25.6982563483954,0.0256982563483954
42,42,Tectona grandis,18.4,9.33,7.8,P2,0.615,0.00683680461857681,56.1860292664158,0.0561860292664158,37.4573528442772,0.0374573528442772,26.4074337552154,0.0264074337552154,24.9715685628515,0.0249715685628515
43,43,Tectona grandis,16.8,7.26,5.8,P2,0.615,0.00413964522370873,31.5070193585265,0.0315070193585265,21.004679572351,0.021004679572351,14.8082990985075,0.0148082990985075,14.0031197149007,0.0140031197149007
44,44,Tectona grandis,17.8,8.78,6.3,P2,0.615,0.00605450877792478,48.3134882163687,0.0483134882163687,32.2089921442458,0.0322089921442458,22.7073394616933,0.0227073394616933,21.4726614294972,0.0214726614294972
45,45,Tectona grandis,18,9.52,7.7,P2,0.615,0.00711809497079761,57.2008477643956,0.0572008477643956,38.133898509597,0.038133898509597,26.8843984492659,0.0268843984492659,25.422599006398,0.025422599006398
46,46,Tectona grandis,13.4,7.29,6.9,P3,0.615,0.00417392785354103,25.4715630295813,0.0254715630295813,16.9810420197209,0.0169810420197209,11.9716346239032,0.0119716346239032,11.3206946798139,0.0113206946798139
47,47,Tectona grandis,17.9,8.85,6,P3,0.615,0.00615143476526966,49.3372569402579,0.0493372569402579,32.8915046268386,0.0328915046268386,23.1885107619212,0.0231885107619212,21.9276697512257,0.0219276697512257
48,48,Tectona grandis,16,7.54,6.9,P3,0.615,0.00446511422262064,32.3449994007763,0.0323449994007763,21.5633329338509,0.0215633329338509,15.2021497183649,0.0152021497183649,14.3755552892339,0.0143755552892339
49,49,Tectona grandis,10.6,7.07,5.2,P3,0.615,0.00392580486576051,19.0863286377661,0.0190863286377661,12.7242190918441,0.0127242190918441,8.97057445975007,0.00897057445975007,8.48281272789604,0.00848281272789604
50,50,Tectona grandis,15.9,7.26,5.3,P3,0.615,0.00413964522370873,29.858573417162,0.029858573417162,19.9057156114413,0.0199057156114413,14.0335295060661,0.0140335295060661,13.2704770742942,0.0132704770742942
51,51,Tectona grandis,20,11.94,7.6,P3,0.615,0.0111969189607328,98.6449595111208,0.0986449595111208,65.7633063407472,0.0657633063407472,46.3631309702268,0.0463631309702268,43.8422042271648,0.0438422042271648
52,52,Tectona grandis,18.2,9.01,6.05,P3,0.615,0.00637587014444212,51.9289622688962,0.0519289622688962,34.6193081792641,0.0346193081792641,24.4066122663812,0.0244066122663812,23.0795387861761,0.0230795387861761
53,53,Tectona grandis,12,6.75,5,P3,0.615,0.00357847038197962,19.6806318732379,0.0196806318732379,13.1204212488253,0.0131204212488253,9.24989698042183,0.00924989698042183,8.74694749921686,0.00874694749921686
54,54,Tectona grandis,15.7,5.89,3.7,P3,0.615,0.00272471116244006,19.6074128517847,0.0196074128517847,13.0716085678564,0.0130716085678564,9.21548404033879,0.00921548404033879,8.71440571190429,0.00871440571190429
55,55,Tectona grandis,11.9,6.94,4.9,P3,0.615,0.00378276029826093,20.6074710244553,0.0206074710244552,13.7383140163035,0.0137383140163035,9.68551138149397,0.00968551138149397,9.158876010869,0.009158876010869
56,56,Tectona grandis,18.4,9.2,7.8,P3,0.615,0.006647610054996,54.6680032362428,0.0546680032362428,36.4453354908285,0.0364453354908285,25.6939615210341,0.0256939615210341,24.296890327219,0.024296890327219
57,57,Tectona grandis,20.8,11.49,7.8,P3,0.615,0.0103688344071547,95.089308274885,0.095089308274885,63.3928721832567,0.0633928721832567,44.691974889196,0.044691974889196,42.2619147888378,0.0422619147888378
58,58,Tectona grandis,17,8.02,6.8,P3,0.615,0.00505171240289892,38.7100463543676,0.0387100463543676,25.8066975695784,0.0258066975695784,18.1937217865528,0.0181937217865527,17.2044650463856,0.0172044650463856
59,59,Tectona grandis,17.2,8.08,6.3,P3,0.615,0.00512758186548312,39.7282941387585,0.0397282941387585,26.485529425839,0.026485529425839,18.6722982452165,0.0186722982452165,17.657019617226,0.017657019617226
60,60,Tectona grandis,18,9.17,7.2,P3,0.615,0.00660432676221117,53.1677259543012,0.0531677259543012,35.4451506362008,0.0354451506362008,24.9888311985215,0.0249888311985215,23.6301004241339,0.0236301004241339
61,61,Tectona grandis,20.6,13.18,8.7,P3,0.615,0.0136433399919363,123.130733079534,0.123130733079534,82.087155386356,0.082087155386356,57.871444547381,0.057871444547381,54.7247702575707,0.0547247702575707
62,62,Tectona grandis,18,9.23,8.9,P3,0.615,0.00669103471945025,53.8489032787088,0.0538489032787088,35.8992688524725,0.0358992688524725,25.3089845409931,0.0253089845409931,23.9328459016483,0.0239328459016483
63,63,Tectona grandis,19,10.92,7.9,P3,0.615,0.00936559035517575,78.8190655722939,0.0788190655722939,52.5460437148626,0.0525460437148626,37.0449608189781,0.0370449608189781,35.0306958099084,0.0350306958099084
64,64,Tectona grandis,14.9,7,4.7,P3,0.615,0.0038484510006475,26.0986683918482,0.0260986683918482,17.3991122612321,0.0173991122612321,12.2663741441686,0.0122663741441686,11.5994081741547,0.0115994081741547
65,65,Tectona grandis,20,11.49,7.6,P3,0.615,0.0103688344071547,91.5181324098026,0.0915181324098026,61.0120882732017,0.0610120882732017,43.0135222326072,0.0430135222326072,40.6747255154678,0.0406747255154678
66,66,Tectona grandis,17,8.08,5.3,P3,0.615,0.00512758186548312,39.2773610327122,0.0392773610327122,26.1849073551415,0.0261849073551415,18.4603596853748,0.0184603596853748,17.4566049034277,0.0174566049034277
67,67,Tectona grandis,15,7.35,5.9,P4,0.615,0.00424291722821386,28.8944965576081,0.0288944965576081,19.2629977050721,0.0192629977050721,13.5804133820758,0.0135804133820758,12.8419984700481,0.0128419984700481
68,68,Tectona grandis,14.4,5.79,3.1,P4,0.615,0.00263297665695524,17.42880158973,0.01742880158973,11.61920105982,0.01161920105982,8.19153674717311,0.00819153674717311,7.74613403988001,0.00774613403988001
69,69,Tectona grandis,16.3,7.64,5.7,P4,0.615,0.00458433766382437,33.794849370557,0.033794849370557,22.5298995803713,0.0225298995803713,15.8835792041618,0.0158835792041618,15.0199330535809,0.0150199330535809
70,70,Tectona grandis,19.2,10.18,6.05,P4,0.615,0.00813926966284697,69.435703356338,0.069435703356338,46.2904689042253,0.0462904689042253,32.6347805774789,0.0326347805774789,30.8603126028169,0.0308603126028169
71,71,Tectona grandis,14.3,6.81,4.6,P4,0.615,0.00364237037655364,23.7611968496952,0.0237611968496952,15.8407978997968,0.0158407978997968,11.1677625193568,0.0111677625193568,10.5605319331979,0.0105605319331979
72,72,Tectona grandis,20,10.82,7.7,P4,0.615,0.00919484479445314,81.3905655097344,0.0813905655097344,54.2603770064896,0.0542603770064896,38.2535657895752,0.0382535657895752,36.1735846709931,0.0361735846709931
73,73,Tectona grandis,17.5,8.63,6,P4,0.615,0.00584940204755354,45.9468122692575,0.0459468122692575,30.631208179505,0.030631208179505,21.595001766551,0.021595001766551,20.4208054530033,0.0204208054530033
74,74,Tectona grandis,12.2,6.24,4.7,P4,0.615,0.00305815195271045,17.1571319389644,0.0171571319389644,11.4380879593096,0.0114380879593096,8.06385201131325,0.00806385201131325,7.62539197287305,0.00762539197287305
75,75,Tectona grandis,11.5,7.32,5.7,P4,0.615,0.00420835185504274,22.116881937527,0.022116881937527,14.7445879583513,0.0147445879583513,10.3949345106377,0.0103949345106377,9.82972530556756,0.00982972530556756
76,76,Tectona grandis,17,8.59,6.7,P4,0.615,0.00579530382205873,44.2618926246921,0.0442618926246921,29.5079284164614,0.0295079284164614,20.8030895336053,0.0208030895336053,19.6719522776409,0.0196719522776409
77,77,Tectona grandis,22,15.21,9.8,P4,0.615,0.0181697231252836,173.651260267739,0.173651260267739,115.76750684516,0.11576750684516,81.6160923258375,0.0816160923258375,77.178337896773,0.077178337896773
78,78,Tectona grandis,18,9.87,7.7,P4,0.615,0.00765110543438729,61.3776454593561,0.0613776454593561,40.9184303062374,0.0409184303062374,28.8474933658973,0.0288474933658973,27.2789535374916,0.0272789535374916
79,79,Tectona grandis,13,5.79,3.3,P4,0.615,0.00263297665695524,15.773005162693,0.015773005162693,10.5153367751286,0.0105153367751286,7.41331242646569,0.00741331242646569,7.01022451675242,0.00701022451675242
80,80,Tectona grandis,17.5,8.4,5.2,P4,0.615,0.0055417694409324,43.5868495208828,0.0435868495208828,29.0578996805886,0.0290578996805886,20.4858192748149,0.0204858192748149,19.3719331203924,0.0193719331203924
81,81,Tectona grandis,10.3,5.73,3.4,P4,0.615,0.00257868993590121,12.3141412423959,0.0123141412423959,8.20942749493059,0.00820942749493058,5.78764638392606,0.00578764638392606,5.47295166328706,0.00547295166328706
82,82,Tectona grandis,12,5.19,3.4,P4,0.615,0.002115556346909,11.782698254361,0.011782698254361,7.85513216957398,0.00785513216957398,5.53786817954966,0.00553786817954966,5.23675477971599,0.00523675477971599
83,83,Tectona grandis,20,13.08,8.7,P4,0.615,0.0134370944342281,117.863889655008,0.117863889655008,78.575926436672,0.078575926436672,55.3960281378537,0.0553960281378537,52.3839509577813,0.0523839509577813
84,84,Tectona grandis,18,9.23,7.05,P4,0.615,0.00669103471945025,53.8489032787088,0.0538489032787088,35.8992688524725,0.0358992688524725,25.3089845409931,0.0253089845409931,23.9328459016483,0.0239328459016483
85,85,Tectona grandis,17.6,8.31,6.2,P4,0.615,0.00542365341113905,42.9179272673977,0.0429179272673977,28.6119515115985,0.0286119515115985,20.1714258156769,0.0201714258156769,19.0746343410657,0.0190746343410657
86,86,Tectona grandis,14,6.14,3.6,P4,0.615,0.00296091966008184,19.0144076497609,0.0190144076497609,12.6762717665073,0.0126762717665073,8.93677159538764,0.00893677159538764,8.45084784433819,0.00845084784433819
87,87,Tectona grandis,16,7.8,5.7,P5,0.615,0.00477836242611008,34.5578682634252,0.0345578682634252,23.0385788422835,0.0230385788422835,16.2421980838099,0.0162421980838099,15.3590525615223,0.0153590525615223
88,88,Tectona grandis,18,9.23,7.2,P5,0.615,0.00669103471945025,53.8489032787088,0.0538489032787088,35.8992688524725,0.0358992688524725,25.3089845409931,0.0253089845409931,23.9328459016483,0.0239328459016483
89,89,Tectona grandis,17.4,8.75,6.5,P5,0.615,0.00601320468851171,46.9389059695315,0.0469389059695315,31.2926039796877,0.0312926039796877,22.0612858056798,0.0220612858056798,20.8617359864585,0.0208617359864585
90,90,Tectona grandis,17,8.34,6.8,P5,0.615,0.00546288404940076,41.782214598697,0.041782214598697,27.8548097324647,0.0278548097324647,19.6376408613876,0.0196376408613876,18.5698731549764,0.0185698731549764
91,91,Tectona grandis,12,6.37,4.05,P5,0.615,0.00318690227363619,17.5759272091472,0.0175759272091472,11.7172848060982,0.0117172848060982,8.2606857882992,0.0082606857882992,7.81152320406543,0.00781152320406543
92,92,Tectona grandis,14.4,7.1,4.7,P5,0.615,0.00395919214168654,25.9522649430469,0.0259522649430469,17.3015099620313,0.0173015099620313,12.197564523232,0.012197564523232,11.5343399746875,0.0115343399746875
93,93,Tectona grandis,17,8.98,7.6,P5,0.615,0.00633348220556356,48.2692703158775,0.0482692703158775,32.1795135439183,0.0321795135439183,22.6865570484624,0.0226865570484624,21.4530090292789,0.0214530090292789
94,94,Tectona grandis,16.3,7.38,5.5,P5,0.615,0.0042776239730544,31.5862666536075,0.0315862666536075,21.057511102405,0.021057511102405,14.8455453271955,0.0148455453271955,14.0383407349367,0.0140383407349367
95,95,Tectona grandis,18.8,9.01,6.9,P5,0.615,0.00637587014444212,53.5991657464488,0.0535991657464488,35.7327771642992,0.0357327771642992,25.1916079008309,0.0251916079008309,23.8218514428661,0.0238218514428661
96,96,Tectona grandis,18.6,9.99,7.2,P5,0.615,0.00783828152468817,64.8863946679117,0.0648863946679117,43.2575964452745,0.0432575964452745,30.4966054939185,0.0304966054939185,28.838397630183,0.028838397630183
97,97,Tectona grandis,11.6,7.26,5.9,P5,0.615,0.00413964522370873,21.9490869184578,0.0219490869184578,14.6327246123052,0.0146327246123052,10.3160708516751,0.0103160708516752,9.75514974153678,0.00975514974153678
98,98,Tectona grandis,17,8.85,6.8,P5,0.615,0.00615143476526966,46.9146616889315,0.0469146616889315,31.2764411259543,0.0312764411259543,22.0498909937978,0.0220498909937978,20.8509607506362,0.0208509607506362
99,99,Tectona grandis,15.7,6.43,4.6,P5,0.615,0.00324722085258512,23.269285979563,0.023269285979563,15.5128573197087,0.0155128573197087,10.9365644103946,0.0109365644103946,10.3419048798058,0.0103419048798058
100,100,Tectona grandis,16.9,7.42,5.1,P5,0.615,0.00432411954432753,33.0676265317008,0.0330676265317008,22.0450843544672,0.0220450843544672,15.5417844698994,0.0155417844698994,14.6967229029781,0.0146967229029781
101,101,Tectona grandis,10,5.54,3.8,P5,0.615,0.00241051262717291,11.2018109254756,0.0112018109254756,7.46787395031706,0.00746787395031706,5.26485113497353,0.00526485113497353,4.97858263354471,0.00497858263354471
102,102,Tectona grandis,18.2,9.96,7.3,P5,0.615,0.00779127544460883,63.1522866742158,0.0631522866742158,42.1015244494772,0.0421015244494772,29.6815747368814,0.0296815747368814,28.0676829663181,0.0280676829663181
103,103,Tectona grandis,17,8.02,6.05,P5,0.615,0.00505171240289892,38.7100463543676,0.0387100463543676,25.8066975695784,0.0258066975695784,18.1937217865528,0.0181937217865527,17.2044650463856,0.0172044650463856
104,104,Tectona grandis,18,9.2,6.2,P5,0.615,0.006647610054996,53.507785963602,0.053507785963602,35.671857309068,0.035671857309068,25.1486594028929,0.0251486594028929,23.7812382060453,0.0237812382060453
105,105,Tectona grandis,10,6.91,4.5,P5,0.615,0.00375012700457177,17.2432182710533,0.0172432182710533,11.4954788473689,0.0114954788473689,8.10431258739506,0.00810431258739506,7.66365256491258,0.00766365256491258
106,106,Tectona grandis,17.5,8.59,6.6,P5,0.615,0.00579530382205873,45.5320253044089,0.0455320253044089,30.3546835362726,0.0303546835362726,21.4000518930722,0.0214000518930722,20.2364556908484,0.0202364556908484
107,107,Tectona grandis,18.5,9.96,7.1,P5,0.615,0.00779127544460883,64.1680752670005,0.0641680752670006,42.778716844667,0.042778716844667,30.1589953754903,0.0301589953754903,28.5191445631114,0.0285191445631114
108,108,Tectona grandis,17.2,8.82,6.3,P5,0.615,0.00610980080862797,47.1397874055564,0.0471397874055564,31.4265249370376,0.0314265249370376,22.1557000806115,0.0221557000806115,20.9510166246917,0.0209510166246917
109,109,Tectona grandis,15.1,6.14,3.7,P6,0.615,0.00296091966008184,20.4712017420092,0.0204712017420092,13.6474678280062,0.0136474678280062,9.62146481874434,0.00962146481874434,9.09831188533744,0.00909831188533744
110,110,Tectona grandis,12.7,6.37,4.2,P6,0.615,0.00318690227363619,18.5758964215365,0.0185758964215365,12.383930947691,0.012383930947691,8.73067131812215,0.00873067131812215,8.25595396512733,0.00825595396512733
111,111,Tectona grandis,15,6.56,4.5,P6,0.615,0.00337985104043804,23.1429405922146,0.0231429405922146,15.4286270614764,0.0154286270614764,10.8771820783409,0.0108771820783409,10.2857513743176,0.0102857513743176
112,112,Tectona grandis,11,6.08,3.6,P6,0.615,0.00290333426674154,14.7413149374058,0.0147413149374058,9.8275432916039,0.0098275432916039,6.92841802058075,0.00692841802058075,6.55169552773593,0.00655169552773593
113,113,Tectona grandis,10.4,6.21,3.8,P6,0.615,0.00302881733130755,14.5444237748647,0.0145444237748647,9.69628251657647,0.00969628251657647,6.83587917418641,0.00683587917418641,6.46418834438431,0.00646418834438431
114,114,Tectona grandis,13,5.54,3.5,P6,0.615,0.00241051262717291,14.4709468968772,0.0144709468968772,9.64729793125146,0.00964729793125146,6.80134504153228,0.00680134504153228,6.43153195416764,0.00643153195416764
115,115,Tectona grandis,13.1,5.86,3.5,P6,0.615,0.0026970258771803,16.2685972678717,0.0162685972678717,10.8457315119144,0.0108457315119144,7.64624071589968,0.00764624071589968,7.23048767460962,0.00723048767460962
116,116,Tectona grandis,12,6.24,4,P6,0.615,0.00305815195271045,16.8825635204538,0.0168825635204538,11.2550423469692,0.0112550423469692,7.93480485461328,0.00793480485461328,7.50336156464613,0.00750336156464613
117,117,Tectona grandis,16.3,6.75,4.5,P6,0.615,0.00357847038197962,26.5370867212337,0.0265370867212337,17.6913911474891,0.0176913911474891,12.4724307589798,0.0124724307589798,11.7942607649927,0.0117942607649927
118,118,Tectona grandis,12.7,5.98,3.05,P6,0.615,0.00280861524823581,16.4206490793557,0.0164206490793557,10.9470993862371,0.0109470993862371,7.71770506729716,0.00771770506729716,7.29806625749141,0.00729806625749141
119,119,Tectona grandis,14,6.27,4.6,P6,0.615,0.00308762794578275,19.8081711464183,0.0198081711464183,13.2054474309455,0.0132054474309455,9.30984043881658,0.00930984043881658,8.80363162063034,0.00880363162063034
120,120,Tectona grandis,16.8,7.51,6.05,P6,0.615,0.00442965349554324,33.6595412957099,0.0336595412957099,22.4396941971399,0.0224396941971399,15.8199844089837,0.0158199844089837,14.9597961314266,0.0149597961314266
121,121,Tectona grandis,10.7,5.51,3.1,P6,0.615,0.00238447667805629,11.8403261419763,0.0118403261419763,7.89355076131753,0.00789355076131753,5.56495328672886,0.00556495328672886,5.26236717421169,0.00526236717421169
122,122,Tectona grandis,10,5.76,3.9,P6,0.615,0.00260576261059352,12.086536415337,0.012086536415337,8.05769094355799,0.00805769094355799,5.68067211520838,0.00568067211520838,5.37179396237199,0.00537179396237199
123,123,Tectona grandis,16.2,6.43,4.7,P6,0.615,0.00324722085258512,23.9922871476222,0.0239922871476222,15.9948580984148,0.0159948580984148,11.2763749593824,0.0112763749593824,10.6632387322765,0.0106632387322765
124,124,Tectona grandis,16.7,7.48,6.8,P6,0.615,0.00439433414013526,33.2035387426107,0.0332035387426107,22.1356924950738,0.0221356924950738,15.605663209027,0.015605663209027,14.7571283300492,0.0147571283300492
125,125,Tectona grandis,12.1,6.05,3.5,P6,0.615,0.00287475362757551,16.0229393931664,0.0160229393931664,10.6819595954443,0.0106819595954443,7.53078151478822,0.00753078151478822,7.12130639696285,0.00712130639696285
126,126,Tectona grandis,15.2,6.27,4.6,P6,0.615,0.00308762794578275,21.4636095194808,0.0214636095194808,14.3090730129872,0.0143090730129872,10.087896474156,0.010087896474156,9.53938200865814,0.00953938200865814
127,127,Tectona grandis,10,5.47,3.9,P6,0.615,0.00234998199071987,10.9271885821281,0.0109271885821281,7.2847923880854,0.0072847923880854,5.13577863360021,0.00513577863360021,4.8565282587236,0.0048565282587236
128,128,Tectona grandis,15.7,6.75,4.1,P6,0.615,0.00357847038197962,25.583278732268,0.025583278732268,17.0555191548454,0.0170555191548454,12.024141004166,0.012024141004166,11.3703461032302,0.0113703461032302
129,129,Tectona grandis,12.6,6.05,3.6,P6,0.615,0.00287475362757551,16.668837798919,0.016668837798919,11.1125585326126,0.0111125585326126,7.83435376549191,0.00783435376549191,7.40837235507509,0.00740837235507509
130,130,Tectona grandis,14.6,6.37,4.6,P6,0.615,0.00318690227363619,21.2836317618965,0.0212836317618965,14.1890878412643,0.0141890878412643,10.0033069280913,0.0100033069280913,9.4593918941762,0.0094593918941762
131,131,Tectona grandis,16,7.54,6.8,P6,0.615,0.00446511422262064,32.3449994007763,0.0323449994007763,21.5633329338509,0.0215633329338509,15.2021497183649,0.0152021497183649,14.3755552892339,0.0143755552892339
132,132,Tectona grandis,16.2,7.73,6.9,P6,0.615,0.00469298179176714,34.3692617443814,0.0343692617443814,22.9128411629209,0.0229128411629209,16.1535530198593,0.0161535530198593,15.2752274419473,0.0152752274419473
